codigo,institucion_nombre,institucion_rut,tipo,descripcion,fecha_inicio,fecha_final,monto_estimado,unidad_monetaria,proveedores_participantes,adjudicados
1426039-2-LE25,"","70.941.900-5","LE","La Corporación de Desarrollo Social de Colina requiere para sus Jardines Infantiles y Salas Cunas la adquisición de mobiliario normado escolar para el correcto funcionamiento de estos, y su respectivo despacho.",,,,"CLP",0,0
4358-6-LE25,"","69.170.701-6","LE","El DAEM, requiere la contratación del servicio de movilización para acercamiento de estudiantes escuela Dollinco durante el año escolar 2025, de acuerdo con las presentes Bases Administrativas, Especificaciones Técnicas y Anexos.",,,,"CLP",0,0
425-11-LE25,"","60.301.001-9","LE","UR(1804) ADQUISICIÓN CINTAS DE RESPALDO PARA SISTEMAS INFORMÁTICOS DEL PODER JUDICIAL",,,,"USD",0,0
425-12-LQ25,"","60.301.001-9","LQ","UR(1807) La Corporación Administrativa del Poder Judicial requiere contratar el Servicio de Rehabilitación de la 3° Sala de la Ilustrísima Corte de Apelaciones de Santiago.",,,,"CLP",0,0
4051-8-LE25,"","69.252.600-7","LE","La presente licitación se refiere a la adquisición de neumáticos distintas medidas para vehículos municipales, conforme lo indicado en las presentes bases administrativas y especificaciones técnicas.",,,7000000,"CLP",0,0
2446-38-LE25,"","69.040.300-5","LE","SERVICIO SEGURIDAD PRIVADA PROCESO PAGO PERMISOS DE CIRCULACIÓN AÑO 2025",,,15500000,"CLP",0,0
3791-8-LE25,"","69.240.200-6","LE","Proyecto que considera ejecución de obras para finalizar proyecto de “Conservación Escuela Amanda Labarca Huberstone, Comuna de Cisnes”, ubicado en Avenida Central de Puerto Raúl Marín Balmaceda S/N, Comuna Cisnes, Región de Aysén, según Bases y demás documentos de licitación que se adjuntan.",,,64906814,"CLP",0,0
1667-7-LP25,"","61.602.189-3","LP","El Hospital Guillermo Grant Benavente necesita contar con el servicio de arriendo de máquinas de hemodiálisis, hemodiafiltración y hemodiálisis lenta, para pacientes que presentan insuficiencia renal.",,,,"CLP",0,0
5056-16-LP25,"","61.606.901-2","LP","El objetivo de la presente licitación, es invitar a través de www.mercadopublico.cl a todos los proveedores del rubro a participar de la adquisición de examen PET CT para pacientes del Hospital Regional de Talca y bajo las especificaciones técnicas requeridas por la Institución con el fin de seleccionar la oferta más conveniente de acuerdo a los criterios de evaluación, asegurando el abastecimiento en calidad y oportunidad, satisfaciendo así la demanda de los usuarios",,,,"CLP",0,0
1380-51-LE25,"","61.602.232-6","LE","Las presentes bases se refieren a las condiciones y características técnicas requeridas para adquirir INSUMOS DE MARCAPASOS INALÁMBRICO en adelante: “los Insumos” por el periodo de doce (12) meses, todo en concordancia al Plan Compras y Contrataciones año 2025 (PAC), Bases Administrativas y Técnicas, Requerimientos técnicos, detallados en el Anexo Nº 1 y otros anexos que constituyen el referido llamado a licitación.",,,65212000,"CLP",0,0
5221-21-LQ24,"","61.607.900-k","LQ","Adquisición Equipos Dentales, CESFAM 18
Proyecto: “NORMALIZACION CESFAM 18 DE SEPTIEMBRE PUNTA ARENAS” – Código BIP 30128661-0 Plazo máximo para coordinar visita a terreno voluntaria: lunes 03 de marzo a las 12:00 horas, al correo andrea.perezu@redsalud.gob.cl Lugar y plazo de entrega a confirmar, dependiendo del avance de la obra.

",,,149000000,"CLP",0,0
906816-13-LE25,"","69.020.500-9","LE","“ADQUISICION CAMIÓN MULTIPROPÓSITO CON BARANDAS DE 50 CM, COMUNA DE TALTAL” Código BIP N°40069985-0, será la Ilustre Municipalidad de Taltal y el cual se financiará con cargo al F.N.D.R., Circular 33, Resolución del Minsiterio de Hacienda N°12 de fecha 10 de enero de 2024, del Gobierno Regional de Antofagasta",,,,"CLP",0,0
5908-7-LE25,"","69.010.200-5","LE","Construcción de sala de monitoreo la cual permitirá ampliar el sistema de tele protección de la capital comunal",,,,"CLP",0,0
1350296-13-LE25,"","65.228.694-1","LE","La presente propuesta tiene por objetivo adquirir petróleo para abastecer los dos estanques de combustible del Hospital de Alto Hospicio, los cuales tiene una capacidad de 30.000 y 25.000 litros, a través de la suscripción de un convenio de suministro y así garantizar un servicio óptimo durante los 365 días del año y las 24 horas del día.",,,60000000,"CLP",0,0
5908-8-LE25,"","69.010.200-5","LE","suministro e instalación de un sistema de monitoreo en base a cámaras de video protección de alta resolución, dispuestas estratégicamente en localidades de la Comuna de Huara.",,,,"CLP",0,0
3704-9-LS25,"","69.254.400-5","LS","Contratación de Servicios Especializados: servicio de asesoría informática de acuerdo a lo establecido en las bases administrativas y sus anexos",,,,"CLP",0,0
4062-5-LE25,"","69.200.400-0","LE","La Municipalidad de Mariquina invita a los proveedores inscritos en el portal mercado público para la suscripción de contratos de suministro para la adquisición de “ADQUISICION DE LUBRICANTES, ACEITES, LIQUIDO REFRIGERANTE VEHICULOS LIVIANOS, PESADOS Y MAQUINARIA PESADA”, a participar en la licitación pública con la finalidad de abastecer vehículos motorizados para el año 2025.",,,,"CLP",0,0
2258-16-LR25,"","61.606.201-8","LR","Contar con los servicios apropiados para la unidad de Pabellón Cardiovascular del Hospital Regional de Antofagasta, en los diferentes procedimientos quirúrgicos posibilitando la resolución médica de los problemas de salud de sus usuarios que se encuentran en espera de ser intervenidos con la finalidad de satisfacer de manera adecuada y eficiente la labor asistencial del establecimiento.",,,,"CLP",0,0
2099-8-CO25,"","61.601.000-K","CO","Las presentes bases tienen por objeto contar con un convenio de suministro Servicio de alojamiento y alimentación para los funcionarios de la Secretaría Regional Ministerial de Salud de Magallanes y Antártica Chilena, entregado en Hoteles, Hostales y Apart Hotel todos con baño privado, que entreguen ambos servicios",,,,"CLP",0,0
1057389-20-LE25,"","61.602.229-6","LE","La presente licitación tiene por objetivo suscribir contrato para la prestación de servicios de análisis e informes de biopsias renales para cubrir la necesidad y demanda del Hospital San José de Victoria.",,,,"CLP",0,0
1057384-14-LE25,"","61.606.203-4","LE","El Hospital Marcos Macuada de Tocopilla, requiere contar con contrato de suministro para satisfacer la necesidad de los pacientes hospitalizados y las diferentes actividades de proyectos a realizar como de capacitación y proyectos en salud del establecimiento. Por tal motivo la presente tiene como finalidad licitar y celebrar Contrato de “Suministro de Pan Fresco para Pacientes del Hospital de Tocopilla”. en conformidad a las presentes Bases Administrativas y Técnicas del llamado a propuesta, utilizando el procedimiento establecido en la Ley Nº 19.886, Ley Base sobre Contratos Administrativos de Suministros y Prestaciones de Servicios.",,,,"CLP",0,0
1339163-2-LE25,"","61.981.070-8","LE","LICENCIAS DE OFIMÁTICA PARA EDUCACIÓN “A5” FOR FACULTY, O EQUIVALENTE, POR UN PERIODO DE 36 MESES
El Servicio Local de Educación Santa Rosa, en adelante SLEP Santa Rosa, requiere contratar mediante licitación pública, LICENCIAS DE OFIMÁTICA PARA EDUCACIÓN “A5” FOR FACULTY. Con el objeto de asegurar las condiciones de trabajo en las oficinas del nivel central, para el buen desarrollo de sus funcio",,,,"CLP",0,0
1075963-67-LE25,"","61.606.001-5","LE",".",,,,"CLP",0,0
2363-1-LE25,"","69.250.200-0","LE","Adquisición de elementos de protección e implementos para el personal del Cementerio Municipal Sara Braun, puesto en Av. Bulnes n°029, Punta Arenas",,,,"CLP",0,0
4889-6-LE25,"","65.620.850-3","LE","La SEREMI de las Culturas las Artes y el Patrimonio de la Región de Aysén, requiere contratar los servicios de un facilitador-a en el área de sustentabilidad y medio ambiente para el programa de los centros de creación para niños, niñas y jóvenes de 7 a 19 años CeCrea, desde marzo del año 2025 a diciembre del año 2025.",,,10000000,"CLP",0,0
4889-12-LE25,"","65.620.850-3","LE","La SEREMI de las Culturas las Artes y el Patrimonio de la Región de Aysén, requiere contratar los servicios de un Gestor Territorial para el programa de los centros de creación para niños, niñas y jóvenes de 7 a 19 años CeCrea, desde marzo del año 2025 a diciembre del año 2025.",,,14000000,"CLP",0,0
3797-15-LE25,"","69.254.500-1","LE","La Ilustre municipalidad de Cochrane, requiere contratar servicio de servicio capacitación y certificación de taller de enfarde y acondicionamiento de lana, para el fortalecimiento e instalación de capacidades.
Dar cumplimiento al Programa de Promoción Turística y fortalecimiento productivo para la comuna de Cochrane financiada por el Gobierno regional de Aysén
",,,10500000,"CLP",0,0
3797-14-LE25,"","69.254.500-1","LE","La necesidad de la Ilustre Municipalidad de Cochrane de realizar un convenio de suministro de materiales de oficina para distintas unidades municipales.",,,,"CLP",0,0
3086-7-L125,"","61.102.005-8","L1","SERVICIO DE MANTENIMIENTO PREVENTIVO DE 20.000 KM Y 30.000 KM PARA VEHICULOS DE LA ARMADA DE CHILE",,,999741,"CLP",0,0
4889-11-LE25,"","65.620.850-3","LE","La SEREMI de las Culturas las Artes y el Patrimonio de la Región de Aysén, requiere contratar los servicios de un "apoyo transversal" para el programa de los centros de creación para niños, niñas y jóvenes de 7 a 19 años CeCrea, desde marzo del año 2025 a diciembre del año 2025.",,,14000000,"CLP",0,0
1487-1-LQ25,"","61.104.000-8","LQ","Servicios de aseo en las dependencias de la Dirección General de Aeronáutica Civil del aeropuerto Carriel Sur, por un periodo de veinticuatro 24 meses, de acuerdo a bases de licitación. Al total facturado la DGAC retendrá el 2%, de acuerdo al articulo N 37, ley 16.752.",,,158500000,"CLP",0,0
1704-8-LP25,"","61.606.608-0","LP","REPARACIÓN CUBIERTA PISO 7, RAMPA HELIPUERTO DEL HOSPITAL BIPROVINCIAL QUILLOTA PETORCA",,,,"CLP",0,0
2548-6-LQ25,"","61.955.000-5","LQ","CONTRATACION SERVICIO INTEGRAL DE LABORATORIO CLINICO PARA COMUNA DE PADRE LAS CASAS",,,193500000,"CLP",0,0
2348-1-LP25,"","69.250.200-0","LP","La Municipalidad de Punta Arenas, requiere adquirir Tintas y Tóneres de diferentes modelos, con la finalidad de satisfacer los requerimientos de las diversas Direcciones Municipales, bajo la modalidad de Contrato de Suministro y por un periodo de vigencia de 12 (doce) meses.",,,70000000,"CLP",0,0
1704-24-LE25,"","61.606.608-0","LE","SERVICIO DE ENLACE DEDICADO DE RESPALDO",,,,"CLP",0,0
1057547-99-LE25,"","61.607.502-0","LE","CONVENIO SMINISTRO DE INSUMOS DE TRAUMATOLOGIA 1 PARA EL HOSPITAL BASE VALDIVIA",,,42325810,"CLP",0,0
2170-3-LE25,"","61.606.606-4","LE","Convenio suministro de Lentes Ópticos para el Programa de Resolutividad en Atención Primaria del Hospital de la Familia y la Comunidad Santo Tomás de Limache.",,,28331513,"CLP",0,0
561704-5-LE25,"","71.102.600-2","LE","complementar proceso de licitación que sustenta las bases administrativas, estas reglamentan la operatoria mínima necesaria para la correcta ejecución del servicio y además cautelar un estricto cumplimiento del contrato. Es decir, detalla y regula el contrato de Capacitación en Clima Laboral y Convivencia Escolar, para la Escuela La Bandera E-97, perteneciente a la Corporación Municipal de Desarrollo Social de Antofagasta, además, fortalecer las competencias en la gestión y liderazgo de la convivencia escolar, integrando de manera especifica el manejo de las emociones, con el propósito de promover un ambiente escolar positivo seguro",,,,"CLP",0,0
1057055-18-LQ25,"","61.608.604-9","LQ","El objetivo de la Propuesta es el SUMINISTRO DE MEDICAMENTOS DE PROGRAMA MINISTERIAL NO INTERMEDIADOS para el Hospital Clínico San Borja Arriarán, solicitados en las especificaciones técnicas, en concordancia con las Bases Administrativas, Técnicas, Formularios, aclaraciones y otros documentos que pudieran formularse en el transcurso de la licitación.

Se entenderá que todo proveedor conoce y acepta irrevocablemente el contenido de estas Bases, por el solo hecho de presentar ofertas en este proceso de licitación.
",,,200000000,"CLP",0,0
2107-30-LP25,"","61.602.148-6","LP","El Hospital Santa Cruz, como establecimiento de salud, requiere suscribir un convenio de suministro de insumos para cirugías maxilofaciales, a objeto de otorgar una atención de calidad con el más alto estándar a la población asistida, que requiere de una intervención.",,,,"CLP",0,0
733913-18-LQ25,"","69.073.000-6","LQ","La naturaleza de persona jurídica de derecho público con patrimonio propio impone a las municipalidades la necesidad de optimizar los ingresos de los que dispone para cumplir las tareas que le impone la ley, las cuales muchas de ellas vienen sin el financiamiento público comprometido. Por ello, las municipalidades deben actuar en dos sentidos. En primer sentido, actuar de forma eficiente en sus gastos y en la gestión de los recursos que recibe y, en segundo lugar, deben establecer estrategias para aumentar sus ingresos, siempre enmarándose dentro de lo que la normativa legal y los dictámenes de la Contraloría permiten.",,,,"CLP",0,0
1067355-1-L125,"","61.980.670-0","L1","Curso Atención Respetuosa e Integral de Pacientes con Discapacidad: Lenguaje de señas, discapacidad, TEA, entre otros.
Curso Online y Asincrónico.
Programa Anual de Capacitación, año2025.",,,700000,"CLP",0,0
2258-37-LQ25,"","61.606.201-8","LQ","Adquisición de Tóner y cartuchos originales de impresoras del Hospital Regional de Antofagasta",,,,"CLP",0,0
2446-37-LE25,"","69.040.300-5","LE","PROPUESTA PÚBLICA N° 105-2025 SERVICIO DE PRODUCCIÓN DESARROLLO COQUIMBO SE VIVE CON HUMOR 2025 EN EL MES DE LA MUJER",,,32000000,"CLP",0,0
5558-3-LE25,"","61.533.000-0","LE","SERVICIOS DE BODEGAJE EXTERNO PARA ALMACENAMIENTO DE BIENES, INSUMOS  Y DOCUMENTACIÓN DE LA DIRECCIÓN REGIONAL DEL INSTITUTO DE SEGURIDAD LABORAL REGIÓN DE LA ARAUCANIA. E1O2RT9.",,,,"CLP",0,0
229-28-LP25,"","69.141.100-1","LP","SUMINISTRO DE TRANSPORTE PARA SECTOR NORTE Y SUR DESTINADO A FAMILIAS DE ESCASOS RECURSOS DE LA COMUNA",,,,"CLP",0,0
2322-24-LE25,"","69.030.500-3","LE","Contrato de suministro por trabajos menores de limpieza, retiro y disposición final de desechos en la vía pública, mantención de espacios públicos y reparación de infraestructura y mobiliario vial  por urgencias y emergencias en la Comuna",,,22000000,"CLP",0,0
1288505-2-LE25,"","60.905.000-4","LE","El Museo Regional de Magallanes, dependiente del Servicio Nacional del Patrimonio Cultural, requiere contratar los “SERVICIOS DE MANTENCIÓN SISTEMA DE EVACUACIÓN DE AGUAS DE LLUVIA DEL MUSEO
REGIONAL DE MAGALLANES”, que debe ejecutarse con una periodicidad de 1 vez al año, en la ciudad de Punta Arenas.

Ver punto III Bases técnicas",,,16400000,"CLP",0,0
3376-5-LQ25,"","61.101.078-8","LQ","ADQUISICIÓN DE POLERAS MEDIA MANGA COLOR COYOTE Y ZAPATILLAS DEPORTIVAS PARA LA DEMANDA OPERACIONAL 2026",,,304623858,"CLP",0,0
3376-6-LQ25,"","61.101.078-8","LQ","ADQUISICIÓN DE VESTUARIO Y EQUIPO PARA LA DEMANDA OPERACIONAL 2026",,,,"CLP",0,0
1953-6-LE25,"","61.004.024-1","LE","Que, Gendarmería de Chile, Región de Valparaíso, requiere contratar el SERVICIO DE REPARACIÓN SISTEMA DE IMPULSIÓN AGUA POTABLE SECCIÓN FEMENINA, CDP QUILLOTA.",,,,"CLP",0,0
2098-10-LE25,"","61.602.211-3","LE","CONVENIO   MANTENCIÓN PREVENTIVA DE CAMPANAS EXTRACTORAS DE GASES Y GABINETES DE BIOSEGURIDAD",,,,"CLP",0,0
1333-1-LE25,"","61.941.900-6","LE","La Defensoría Regional de Antofagasta, para asegurar el correcto funcionamiento y un adecuado manejo del sistema de atención de usuarios y público en general, requiere contratar el servicio de seguridad y vigilancia de las dependencias de la Defensoría Local de Antofagasta, según Resolución Exenta N°98, de fecha 25.02.2025",,,,"CLP",0,0
5350-3-LE25,"","69.030.500-3","LE","ADQUISICIÓN DEL SERVICIO DE MATENCION PREVENTIVA DEL EQUIPAMIENTO DE LOS ESTACIMIENTOS DE SALUD 2025",,,7000000,"CLP",0,0
2656-28-LE25,"","69.150.100-0","LE","LA I.MUNICIPALIDAD REQUIRE CONTRATAR SERVICIOS DE SALA CUNA PARA LOS HIJOSAS DE LOS FUNCIONARIO SOLICITADO POR EL DEPARTAMENTO DE PERSONAL DEPENDIENTE DE LA DIRECCIÓN DE ADMINISTRACIÓN Y FINANZAS. FUSA N°32724",,,,"CLP",0,0
2018-3-LQ25,"","61.104.000-8","LQ","Adquisición de Anticongelante de Pista liquido y sólido para Aeropuerto Presidente Carlos Ibáñez del Campo, Aeródromo de Balmaceda , Aeródromo Teniente Julio Gallardo y Aeródromo Guardia Marina Zañartu   ",,,174188630,"CLP",0,0
699866-31-LE25,"","61.606.901-2","LE","El objetivo de la presente licitación, es un convenio de adquisición de insumos clínicos del Hospital Regional de Talca, con el fin de asegurar el abastecimiento en calidad y oportunidad.",,,,"CLP",0,0
5184-231-LE24,"","61.606.917-9","LE","CEPAS CONTROLES Y OTROS",,,20000000,"CLP",0,0
1540-30-LP25,"","61.607.904-2","LP","Mediante Solicitud de Compra N°75 de Jefe de Farmacia, QF José Miranda Cárdenas, autorizado por la subdirección Administrativa, quien requiere el Convenio Suministro de Medicamentos de Recetario Magistral, para el Hospital “Dr. Augusto Essmann Burgos” de Puerto Natales. Por un periodo de 24 meses.",,,,"CLP",0,0
2359-5-LR25,"","69.150.800-5","LR","PROVISIÓN DE SERVICIOS DE GUARDIAS DE SEGURIDAD PARA RECINTOS MUNICIPALES",,,3360000000,"CLP",0,0
4065-4-LE25,"","69.253.100-0","LE","ADQUISICIÓN DE MATERIALES Y HERRAMIENTAS REPARACIÓN SEÑALETICA TURISTICA COMUNAL Y HABILITACIÓN DE ESPACIOS PARA PUESTOS DE VENTA EN VILLA CERRO CASTILLO COMUNA RIO IBAÑEZ",,,,"CLP",0,0
3810-16-LE25,"","69.091.200-7","LE","CONTRATO SUMINISTRO MANTENCION GABINETE PSICOTECNICO ILUSTRE MUNICIPALIDAD DE PICHILEMU 2025",,,,"CLP",0,0
3656-50-L125,"","69.081.300-9","L1","SUMINISTRO DE INSUMOS PARA MANUALIDADES TALLERES MUNICIPALES",,,,"CLP",0,0
3775-7-LP25,"","69.060.500-7","LP","El proyecto a ejecutar materia de las presentes Bases es el denominado “CONTRATACIÓN DE SEGUROS PARA LOS BIENES MUEBLES E INMUEBLES DE LA MUNICIPALIDAD DE HIJUELAS”. 
Este servicio, consiste en la contratación de pólizas de seguro para los bienes muebles e inmuebles que posee el municipio directamente y aquellos que posee a través de los servicios traspasados de Educación y Salud Municipal, los cuales se individualizan en las bases técnicas de la presente licitación pública.",,,126566000,"CLP",0,0
1057472-22-LQ25,"","61.980.320-5","LQ","Suministro de Kit de insumos para artroscopia de rodilla con equipamiento necesario para su utilización",,,,"CLP",0,0
2467-24-L125,"","69.140.900-7","L1","La I. Municipalidad de Chillán, requiere la contratación del SERVICIO DE PRODUCCIÓN DE PRODUCTOR LOCAL DE CAFÉ Y VIÑAS CON HISTORIAS DE LA DIRECCIÓN DE TURISMO, CHILLÁN, según especificaciones técnicas adjuntas.

Servicio de producción “productor local de café” para el día 14 de marzo del 2025
Servicio de producción “viñas con historias” para el día 29 de marzo del 2025.

•	Por motivos de fuerza mayor condiciones climáticas, según plan de contingencia covid-19 y otros el evento podrá ser suspendido o reprogramado hasta tres fechas posibles por definir por el ITS.",,,2364000,"CLP",0,0
2360-4-LE25,"","69.150.800-5","LE","LA NECESIDAD DE ABASTECER CON INSUMOS DE LIMPIEZA Y DESINFECCION LA DROGUERIA COMUNAL DE TALCAHUANO.",,,,"CLP",0,0
2098-7-LP25,"","61.602.211-3","LP","CONVENIO MANTENCION PREVENTIVA Y CORRECTIVA CATRES CLINICOS Y CAMILLAS DE TRANSPORTE",,,,"CLP",0,0
606-2-LE25,"","60.513.000-3","LE","II.	OBJETIVO GENERAL
Contar con un servicio digitalizado de prensa que proporcione información consolidada de noticias del sector telecomunicaciones, contenida en los diversos medios de comunicación nacional e internacional.

Contratar los servicios de un proveedor que realice un seguimiento y monitoreo diario de noticias en medios de comunicación nacionales, regionales e internacionales impresos, radiales, audiovisuales y electrónicos, sobre temas relacionados con el sector Telecomunicaciones y Transportes, permitiendo acceder a dicha información a través de un sitio Web de calidad, mediante clave de registro multiusuario.

III.	OBJETIVOS ESPECÍFICOS
- Contar con un servicio de seguimiento y monitoreo diario de medios de comunicación a nivel regional y nacional, y de medios informativos online a nivel hispanoamericano. 
- 	Contar con un servicio multiusuario y en línea, que permita acceder en forma remota a los contenidos de los reportes diarios de noticias y búsquedas en bases de datos históricas de noticias.",,,24000000,"CLP",0,0
680-3-L125,"","61.402.014-8","L1","La presente licitación tiene como objeto la contratación del “Servicio de Aseo, Limpieza y Mantención en las dependencias de la Oficina Provincial de Bienes Nacionales de Chaitén, ubicadas en calle O’Higgins esquina Portales, teléfono 65-2-484674, de la ciudad de Chaitén, provincia de Palena, Región de Los Lagos, por el período comprendido desde el 01 de abril de 2025 al 31 de diciembre de 2025.",,,2016000,"CLP",0,0
1641-76-LP25,"","61.608.204-3","LP","La contratación de "BALÓN MEDICADO POR CONSIGNACIÓN", tiene por objeto, cumplir de manera continua la labor
asistencial que ha sido encomendada a nuestra Institución, estableciendo las condiciones que permitan alcanzar la
combinación más ventajosa entre todos los beneficios del bien o servicio a adquirir, y todos sus costos asociados,
presentes y futuros (Art. 37° del Reglamento), según el siguiente detalle:
BALÓN MEDICADO POR CONSIGNACIÓN
ÍTEM CÓDIGO INTERNO DESCRIPCIÓN UNIDAD DE
MEDIDA
CANTIDAD
ESTIMADA (*)
VIGENCIA EN
MESES
1 03-002-224-187 BALON MEDICADO CON MARCAS
RADIOPACAS DE PLATINIO-IRIDIO UN 165
24 MESES
"Al momento de adjudicar, el hospital podrá aumentar o disminuir hasta en un 30% de las cantidades estimadas
en las presentes bases de licitación, conforme a los presupuestos disponibles, y sin alterar el principio de estricta
sujeción a las bases de igualdad de los oferentes."
(*) Se establece que las cantidades de productos y/o servicios son de flujo variable, lo que significa que el Hospital no se
compromete a adquirir cantidades específicas de manera periódica, será según los requerimientos del hospital, por lo que
en ningún caso se fijará stock mínimo de compra, ni tampoco totales, por lo que el o los adjudicatarios estarán
imposibilitados de señalar cantidades mínimas para su despacho.
Asimismo, se hace presente que este proceso de licitación se hará por ítem adjudicado (línea), por lo cual cada
proveedor podrá ofertar por un ítem de los señalados en este punto, por más de uno o por la totalidad de los
mismos, correspondiendo cada ítem a una línea de producto o servicio.",,,,"CLP",0,0
4483-8-LQ25,"","69.030.400-7","LQ","El proyecto contempla el Mejoramiento de los Bandejones en Villa Ríos del Valle, en la Comuna de Tierra Amarilla según especificaciones técnicas adjuntas.",,,,"CLP",0,0
2792-6-LE25,"","69.255.400-0","LE","SERVICIO DE MANTENCION UNIDADES DENTALES DE SALUD ",,,,"CLP",0,0
980313-4-LE25,"","69.250.900-5","LE","Operación y Mantención de PTAS Tratamiento Antuco",,,,"CLP",0,0
5282-6-LQ25,"","69.250.300-7","LQ","Construcción Alumbrado Público Camino Porvenir - Bahía Chilota, Comuna de Porvenir",,,308364430,"CLP",0,0
4372-11-LE25,"","69.120.400-6","LE","SE REQUIERE LA CONTRATACIÓN DEL SERVICIO DE INTERNET SATELITAL, TELEFONIA, FIREWALL Y UNA ANTENA MOVIL PARA LAS POSTAS RURALES DEL DEPTO DE SALUD SEGÚN BASES ADMINISTRATIVAS, ESPECIFICACIONES TÉCNICAS Y ANEXOS ADJUNTOS A LA LICITACIÓN",,,65000000,"CLP",0,0
1208129-2-LP25,"","62.000.890-7","LP","El Servicio Nacional de Protección Especializada a la Niñez y Adolescencia Región del Biobío, requiere la adquisición del servicio denominado “Servicios de Vigilancia y Seguridad” para  control de acceso de personas, protección y seguridad de las dependencias de Residencia Familiar de AA.DD. de 4 a 8 años Barcelona de , ubicada en calle Barcelona N°1184, sector Valle Escondido, Concepción.",,,120000000,"CLP",0,0
45-19-LE25,"","61.531.000-K","LE","El Servicio Nacional de Capacitación y Empleo, requiere adquirir el servicio de soporte técnico nivel 2 de las centrales telefónicas Alcatel OmniPCX, el cual debe incluir el mantenimiento y garantía de estas, tanto del nivel central como de las oficinas regionales de SENCE. Este servicio tiene por objetivo garantizar la continuidad operacional del servicio de telefonía para todas las personas funcionarias de este Servicio Nacional.",,,,"CLP",0,0
4590-4-LP25,"","61.202.000-0","LP","350 m3 de mezcla asfáltica en caliente, para los trabajos programados en Conservación por Administración Directa de la Provincia de Cachapoal
",,,,"CLP",0,0
1057547-91-LP25,"","61.607.502-0","LP","CONVENIO SUMINISTRO DE DIALIZADORES DE BAJO FLUJO PARA PROCEDIMIENTOS DE HEMODIALISIS CRONICA PARA EL HOSPITAL BASE VALDIVIA",,,86603630,"CLP",0,0
2785-302-LP24,"","69.264.800-5","LP","El proyecto contempla la construcción de nuevos recintos dentro de la Corporación Cultural, para la realización de actividades propias de dicha institución, considerando una ampliación en el primer nivel y la readecuación de la azotea existente en el segundo nivel.

La intervención contempla 80,27 metros cuadrados aproximados de edificación proyectada (superficie habitable), en un terreno de 119.319,94 m2. Se consideran las siguientes partidas dentro del proyecto:

Ampliación 1er nivel:
•	Sala de estudios
•	Sala de reuniones
•	Bodega
•	Marquesina acceso principal
•	Marquesina acceso posterior

Ampliación 2do nivel:
•	Oficina en azotea existente
•	Techado de azotea existente

La ejecución de esta obra será en una sola etapa.",,,,"CLP",0,0
2282-24-LR25,"","69.200.100-1","LR","Contratación para los servicios de recolección de microbasurales, recolección de residuos domiciliarios, peonetas para la Recolección de RSD, limpieza de calles y mobiliario urbano, transporte y disposición final de residuos sólidos de la comuna de Valdivia, Propuesta Pública 68-2023",,,22885347240,"CLP",0,0
3947-16-LP25,"","69.151.400-5","LP","MEJORAMIENTO ALUMBRADO PUBLICO BARRIO RENANCER DE RAYENANTU, PROGRAMA QUIERO MI BARRIO, COMUNA DE SANTA JUANA",,,80000000,"CLP",0,0
4309-59-LE25,"","61.602.189-3","LE","necesidad de abastecer al hggb",,,,"CLP",0,0
2462-9-LE25,"","69.070.300-9","LE","La Municipalidad de Providencia, en adelante la Municipalidad, llama a licitación pública para la entrega de servicio de amplificación, sonido y otros tarimas. La presente licitación se enmarca dentro del programa “Actividades en el espacio público” y tiene como objetivo realizar actividades deportivas en espacios públicos, plazas yo parques de la comuna, con aforo reducido.",,,31500000,"CLP",0,0
757-5-L125,"","61.601.000-k","L1","E1O2RT9. El Ministerio de Salud o MINSAL, indistintamente, llama a licitación pública, para la contratación de Servicios para adquisición del servicio de 50 análisis de Fumonisinas a través de la técnica de LC- MS/MS (cromatografía líquida de alta eficiencia HPLC masa/masa).",,,3399999,"CLP",0,0
434-6-LE25,"","69.120.400-6","LE","CONTRATO DE SUMINISTRO MATERIALES DE ASEO, NECESARIOS PARA SER ENTREGADOS A LAS DIFERENTES UNIDADES MUNICIPALES, POR EL AÑO 2025. SEGUN MEMO N° 18 ADQUISICIOINES. FLETE INCLUIDO Y PUESTO EN BODEGA MUNICIPAL",,,9000000,"CLP",0,0
1202333-27-LE25,"","69.060.700-K","LE","DIFUSION ACTIVIDADES MUNICIPALES",,,,"CLP",0,0
2710-18-LE25,"","69.040.700-0","LE","MEJORAMIENTO DE CIERRE PERIMETRAL PARA CENTROS APS",,,57178548,"CLP",0,0
1509-30-LE25,"","61.608.006-7","LE","“ADQUISICION DE MAMOGRAFIAS, ECOTOMOGRAFIAS Y PROYECCIONES AÑO 2025-2026 PARA HOSPITAL DE TIL TIL",,,,"CLP",0,0
2738-9-LE25,"","69.050.600-9","LE","SERVICIO DE PLATAFORMA DIGITAL DE INGLES PARA EE.EE DE LA DAEM DE SAN FELIPE",,,,"CLP",0,0
1660-18-LE25,"","61.606.408-8","LE","MANTENCIÓN PREVENTIVA Y CORRECTIVA SILLONES DENTALES",,,8000000,"CLP",0,0
1660-19-LE25,"","61.606.408-8","LE","IMPERMEABILIZACIÓN DE TECHUMBRES Y CANALETAS DE AGUA LLUVIA",,,9100000,"CLP",0,0
5147-3-LE25,"","69.251.600-1","LE","Las presentes bases tienen por objeto establecer las normas administrativas y técnicas que regirán la presentación de las ofertas, la adjudicación, valores y los requerimientos técnicos para los servicios yo productos a adquirir.",,,,"CLP",0,0
4857-53-CO25,"","69.160.700-3","CO","Licitación Pública para Adquirir Servicio de Transporte Escolar para alumnos de Jardin VTF Pichi Ayen Ranquilhue de la comuna de Tirúa año 2025.  Postular de acuerdo a bases administrativas más todos sus anexos.",,,,"CLP",0,0
2111-5-LP25,"","61.608.602-2","LP","SE REQUIERE CONTRATAR EL KIT MANGA ECOGRAFÍA PARA EL HOSPITAL DE URGENCIA DE ASISTENCIA PUBLICA.",,,,"CLP",0,0
2462-8-LE25,"","69.070.300-9","LE","La Municipalidad de Providencia, realizará la adquisición de material de apoyo para ser entregado a vecinos de la comuna, en actividades en terreno tales como: Activando en Providencia, Capacitaciones Vecinales, Encuentros de Convivencia, Reuniones Juntas de Vecinos, charlas relacionadas con temas legales, entre otros.",,,,"CLP",0,0
4590-5-LE25,"","61.202.000-0","LE","3.650 m3 de base granular para camino S/R H-868, Provincia de Cachapoal
",,,,"CLP",0,0
2585-12-LE25,"","69.010.100-9","LE","ADQ. SUMINISTRO E INSTALACIÓN DE EMPALME ELÉCTRICO. ORD N° 61. SECPLAN. NNR. IMA.",,,14748831,"CLP",0,0
2403-33-LQ25,"","69.254.000-k","LQ","Se requiere la adquisición de 1000 m3 de concreto asfaltico carpeta ¾ banda IV-12 para complementar los trabajos a realizarse en terreno por parte del equipo municipal y de esta forma, poder dar solución a la gran cantidad de baches existentes en la comuna.",,,170000000,"CLP",0,0
2080-57-LP25,"","61.602.138-9","LP","El Hospital Dr. Franco Ravera Zunino, en adelante el Hospital, llama a licitación pública para el SSUMINISTRO INSUMOS DE INMUNOLOGÍA CON EQUIPOS EN COMODATO para el Hospital Dr. Franco Ravera Zunino”",,,,"CLP",0,0
2582-9-LP25,"","69.070.100-6","LP","SEGÚN BASES ADJUNTAS",,,,"CLP",0,0
4605-4-CO25,"","61.819.000-5","CO","CONTRATACIÓN DEL SUMINISTRO DE SERVICIOS DE SALA CUNA Y JARDÍN INFANTIL PARA HIJOSAS DE FUNCIONARIOS DEL SERVIU REGIÓN DEL MAULE, DURANTE UN PERIODO DE 12 MESES A CONTAR DE MARZO 2025.",,,,"CLP",0,0
745915-2-LE25,"","70.892.100-9","LE","La Corporación Municipal Gabriel González Videla, a través del Departamento de Educación, requiere la Adquisición de Test Escala de Weschler, para el Programa de Integración Escolar.",,,10733800,"CLP",0,0
3958-3-L125,"","69.073.800-7","L1","DAEM de la Ilustre Municipalidad de Navidad, requiere adquirir el servicio de suministro de abarrotes para Internado de Liceo Pablo Neruda, primer semestre 2025, con posibilidad de renovación según establecen las bases. 
Se estima el funcionamiento del proceso a través de convenio de suministro, es decir, se adjudica por un monto total y la Municipalidad generará sus solicitudes de forma parcializada. 
Ver documentos anexos.",,,5000000,"CLP",0,0
4956-15-LE25,"","69.071.200-8","LE","El presente proyecto contempla la adquisición de equipos médicos para el V CESFAM de la comuna de Renca, ubicado en Av. José Manuel Balmaceda Nº5266, comuna de Renca.",,,60855000,"CLP",0,0
1736-14-LE25,"","69.255.300-4","LE","Brindar apoyo a los vecinos/as de la comuna carentes de recursos economicos, a fin de mejorar su calidad de vida atraves de la entrega de kit de camas y camarotes incluido colchon y frazadas ",,,13000000,"CLP",0,0
3588-9-LE25,"","69.141.500-7","LE","adquirir camioneta equipada destinada al patrullaje preventivo, según características mínimas indicadas en las especificaciones técnicas adjuntas.",,,,"CLP",0,0
4559-21-L125,"","69.160.402-0","L1","MANTENER OPERATIVOS LOS EQUIPOS ECOGRAFOS DEL CESFAM, Y SAR DE LOS ALAMOS",,,,"CLP",0,0
4559-22-LE25,"","69.160.402-0","LE","CONVENIO LENTES ÓPTICOS PARA UAPO 2025",,,,"CLP",0,0
4857-52-CO25,"","69.160.700-3","CO","Licitación Pública para Adquirir Servicio de Transporte Escolar para alumnos de Esc.G439 Primer Agua de la comuna de Tirúa año 2025.  Postular de acuerdo a bases administrativas más todos sus anexos.",,,,"CLP",0,0
4358-5-LE25,"","69.170.701-6","LE","El DAEM llama a los proveedores interesados a presentar sus ofertas a la presente Licitación Pública a través del Sistema de Compras y Contratación Pública, en adelante Portal Mercado Público www.mercadopublico.cl, con el propósito de adquirir Material de enseñanza para Escuelas Sector Urbano y Rural, con el objetivo de apoyar y reforzar el proceso educativo de las y los estudiantes de los Establecimientos Educacionales. De acuerdo a lo establecido en Especificaciones Técnicas y Anexos adjuntos.",,,,"CLP",0,0
1057550-2-LE25,"","61.607.505-5","LE","Convenio suministro de Servicios de Mantenimiento Preventivo yo Correctivo de Flota de Vehiculos del Hospital de Corral, para mantener el funcionamiento de los vehiculos en optimas condiciones, segun especificaciones de bases tecnicas.",,,,"CLP",0,0
1057550-1-LE25,"","61.607.505-5","LE","Mantener operativa la sala termica, se requiere leña larga, entendiendose por esta aquellos maderos que midan un metro de largo, deberan tener un diametro que faciliten su correcta maniobrabilidad y utilizacion, de acuerdo a bases tecnicas. El abastecimento debe estar enmarcado dentro de las medidas de protección del medio ambiente por lo que la leña debe tener una huemedad igual o menor a 25%.",,,,"CLP",0,0
2770-6-LP25,"","69.070.900-7","LP","La presente licitación tiene por finalidad la adquisición de manera oportuna de artículos y equipamiento podológico para el Centro de podología municipal de Maipú, para otorgar una atención integral a las personas desde los 15 años con diabetes mellitus, así como a todo paciente que, a criterio de un médico, enfermera u otro profesional de la salud, requiera esta atención en el Centro de Podología Comunal. 

Todo lo anterior, de acuerdo con los requerimientos establecidos en las Bases Administrativas, las Bases Técnicas, los anexos publicados y demás antecedentes de esta licitación.",,,95387000,"CLP",0,0
1063538-27-LE25,"","61.602.260-1","LE","El Hospital Base San José de Osorno, en adelante también el “Hospital”, requiere el servicio de “CONVENIO POR SUMINISTRO LENTES INTRAOCULARES CAMARA ANTERIOR PARA HBSJO”, de acuerdo a las condiciones establecidas en las presentes bases administrativas, económicas, técnicas y sus anexos. La forma de la presente licitación pública corresponde a aquellas adquisiciones entre 100 y 1.000 UTM.",,,,"CLP",0,0
4809-10-LE25,"","61.202.000-0","LE","La Dirección de Vialidad Provincia de Cautín, solicita ofertas para la adquisición de NEUMATICOS PARA LAS CAMIONETAS CHEVROLET, NISSAN Y MAXUS para el taller de Maquinarias, de la Provincial Cautín Dirección de Vialidad Región de La Araucanía. Conforme a los requerimientos administrativos y técnicos descritos en las presentes Bases de Licitación.",,,8000000,"CLP",0,0
2208-2-LE25,"","60.803.000-k","LE","El objetivo de esta licitación es la contratación de los servicios de aseo general para las dependencias de la IV Dirección Regional La Serena, compuesta por su sede regional Oficinas de Matta y Cordovez, y sus unidades de Coquimbo, Ovalle e Illapel, todas del Servicio de Impuestos Internos, por un periodo de 12 meses. Además de la eventual contratación de servicios adicionales y extraordinarios de aseo en otras oficinas dependientes de dicha Dirección, de acuerdo a las especificaciones que se indican en las Bases Técnicas.",,,,"CLP",0,0
2738-8-LE25,"","69.050.600-9","LE","SERVICIO DE CERTIFICACIONES SEC PARA EE.EE Y JARDINES DE LA DAEM DE SAN FELIPE",,,,"CLP",0,0
548874-20-LE25,"","61.979.440-0","LE","E102RT9  SERVICIO MENSUAL DE REGISTRO FOTOGRÁFICO PARA OBJETIVOS COMUNICACIONALES.",,,13200000,"CLP",0,0
1079659-8-LE25,"","61.980.860-6","LE","ADQUISICIÓN DEL SERVICIO DE MANTENCIÓN Y REPARACIÓN DEL VEHÍCULO POLICIAL TIPO GRÚA SIGLA AG-053",,,9156931,"CLP",0,0
1305541-6-LE25,"","61.981.060-0","LE","Las presentes Bases Técnicas tienen como propósito licitar la adquisición del servicio de Evaluaciones Médicas correspondiente a las Valoraciones de Salud, realizadas por un Médico Familiar y/o Pediatra y Médico Neurólogo para estudiantes pertenecientes y postulantes al Programa de Integración Escolar (PIE) y de Escuelas Especiales de los Establecimientos Educaciones del Servicio Local de Educación Pública de Los Libertadores.",,,32760000,"CLP",0,0
4728-9-LP25,"","60.719.000-3","LP","E102RT9 Identificar y/o recaudar las nuevas áreas apropiadas para el ejercicio de la Acuicultura actualmente en operación para que permitan su adaptación en el corto plazo a los cambios proyectados en el medioambiente, manteniendo la producción y resguardando las actividades y servicios asociados a la acuicultura.",,,,"CLP",0,0
3884-4-LE25,"","69.040.600-4","LE","Se requiere realizar el servicio de mantención para fotocopiadoras municipales",,,,"CLP",0,0
2126-24-LR25,"","61.606.403-7","LR","Establecer un convenio de suministros para la adquisición de dispositivos médicos quirúrgicos y vasculares para poder abastecer al hospital San Pablo de Coquimbo por el periodo de 24 meses.",,,,"CLP",0,0
3884-5-LE25,"","69.040.600-4","LE","La ilustre municipalidad de Paihuano a través del departamento social, requiere adquirir cajas de alimentos, para ser entregadas durante el año 2025, esta adquisición tiene como objetivo entregar canastas con alimentos básicos para personas y familias del segmento mas vulnerable, que se encuentren calificadas entre los rangos de menores ingresos y mayor vulnerabilidad de acuerdo con el RSH",,,,"CLP",0,0
2427-9-LE25,"","69.060.900-2","LE","Pedido N° 94, Gestión de Flota Suministro de Neumaticos",,,30000000,"CLP",0,0
614797-1-LE25,"","61.979.930-5","LE","Se requiere contratarlos servicios de una persona natural o jurídica que realice el servicio denominado SERVICIO DE ASEO OFICINAS SEREMI DEL MEDIO AMBIENTE, REGION DEL MAULE 2025-2026, por un periodo de 14 meses.
",,,,"CLP",0,0
3693-53-LE25,"","69.061.700-5","LE","SERVICIO DE ENCARPADO CENTRO CULTURAL CAMILO MORI, MUNICIPALIDAD DE EL QUISCO",,,,"CLP",0,0
5667-4-LE25,"","61.979.080-4","LE","CURSOS 2025 DEL COMITÉ BIPARTITO DE CAPACITACIÓN DE LA SEREMI DE EDUCACIÓN DE ARICA Y PARINACOTA",,,13390000,"CLP",0,0
2494-24-CO25,"","69.240.300-2","CO","La Ilustre Municipalidad de Coyhaique, a través de la Secretaría Comunal de Planificación, llama
a licitación pública para la contratación denominada: “CONTRATACIÓN DEL SERVICIO DE
BAÑOS QUÍMICOS PARA DIVERSOS PROYECTOS DE ADMINISTRACIÓN DIRECTA”, a
objeto de seleccionar al proveedor que, de acuerdo a las presentes bases de licitación, deberá
brindar por proyecto, el servicio de baños químicos.",,,,"CLP",0,0
872-13-LE25,"","82.983.100-7","LE","La Comisión Chilena de Energía Nuclear CCHEN, requiere contar con un servicio de traslado ocasional de su personal, bajo la modalidad  de servicios móviles o radiotaxi, requerido para  la ejecución  de  servicios de  inspección  o cometidos  según requerimientos  operativos   de  sus  diferentes  unidades. E1O2RT9",,,,"CLP",0,0
4857-48-CO25,"","69.160.700-3","CO","Licitación Pública para Adquirir Servicio de Transporte Escolar para alumnos de Esc.G836 Chacuivi de la comuna de Tirúa año 2025.  Postular de acuerdo a bases administrativas más todos sus anexos.",,,,"CLP",0,0
1947-15-LP25,"","61.608.004-0","LP","ADQUISICIÓN DE OXIGENADOR NEONATAL Y CONOS PARA CIRCULACIÓN EXTRACORPOREA PARA EL HOSPITAL DE NIÑOS DR. ROBERTO DEL RÍO",,,,"CLP",0,0
1004-7-LQ25,"","61.202.000-0","LQ","solicita la contratación del Servicio de Arriendo de maquinarias para faenas de Conservación Vial., por administración directa, para la Dirección de Vialidad, Provincia de Coyhaique.",,,200000000,"CLP",0,0
1499-61-LP25,"","61.608.402-k","LP","Contar con los Insumos de consumo necesarios para la gestión del Instituto Nacional del Tórax para dar un servicio con la efectividad, seguridad y condiciones de calidad que cada paciente requiere. ",,,,"CLP",0,0
1028897-12-LR25,"","65.154.272-3","LR","El Servicio Local de Educación Pública Costa Araucanía, en adelante “El Servicio”, “SLEP” o “Servicio Local” requiere la contratación denominada “Ejecución de Obra Civil del Proyecto denominado CONSERVACIÓN ESCUELA PÚBLICA SANTA MARÍA DE BOROA, NUEVA IMPERIAL”, Código BIP 40026303-0 de acuerdo con las condiciones establecidas en las presentes Bases Administrativas, Bases Técnicas y sus Anexos.

La referida contratación comprende la totalidad del proyecto hasta su terminación completa conforme a planos y a las condiciones establecidas en las presentes bases administrativas, bases técnicas y sus anexos.",,,602131000,"CLP",0,0
837-10-LE25,"","61.003.000-9","LE","Se requiere Servicio de obras varias (reparación pavimentos, reemplazo tapa cámara alcantarillado, cambio canaleta aguas lluvias, limpieza de canaletas y pinturas) en SML Curicó, ubicado en Av. Manso de Velasco Kilometro 190,8 ruta 5, entrada sur de Curicó. Más detalles en archivos adjuntos ",,,6500000,"CLP",0,0
688-5-LE25,"","61.301.100-5","LE","Proporcionar insumos para la elaboración de un Plan Nacional de Uso Eficiente de Fertilizantes Nitrogenados con foco en objetivos de reducción de emisiones de GEI en el contexto de los compromisos climáticos sectoriales contenidos en la Estrategia Climática de Largo Plazo de Chile y el Plan Sectorial de Mitigación al
Cambio Climático.",,,18000000,"CLP",0,0
2738-7-LE25,"","69.050.600-9","LE","SERVICIO DE EVALUACIONES MEDICAS PROGRAMA DE INTEGRACION ESCOLAR DE LA DAEM DE SAN FELIPE",,,,"CLP",0,0
3316-2-LE25,"","61.979.960-7","LE","SE REQUIERE DE LA ADQUISICIÓN DE SOFTWARE DE GESTION ACADEMICA PARA LA ESCUELA DE SUBOFICIALES DE CARABINEROS DE CHILE, CONFORME A REQUERIMIENTO SOLICITADOS EN ANEXOS Y RESPECTIVAS BASES DEL PROCESO",,,22000000,"CLP",0,0
4037-20-LP25,"","69.220.400-K","LP","SERVICIO DE TELEFONIA FIJA Y MOVIL, INTERNET DEDICADO Y MOVIL, SEGURIDAD PERIMETRAL Y EXTENSION LAN, SEGUN BASES Y DOCUMENTACION ADJUNTAS DECRETO ALCALDICIO N° 406",,,105600000,"CLP",0,0
3775-8-LE25,"","69.060.500-7","LE","SERVICIO DE AUDITORÍA EXTERNA A LA SITUACIÓN FINANCIERA Y EJECUCIÓN PRESUPUESTARIA DE LA I. MUNICIPALIDAD DE HIJUELAS, PARA EL PERÍODO ALCALDICIO 2021-2024.",,,27000000,"CLP",0,0
1057501-52-LQ25,"","61.608.502-6","LQ","La necesidad de contar con insumos
",,,,"CLP",0,0
4134-10-LE25,"","69.110.200-9","LE","ADQUISICIÓN Y REPOSICIÓN DE EQUIPOS TECNOLÓGICOS SEGÚN ESPECIFICACIONES TÉCNICAS DEL PROCESO 2 do. llamado",,,,"CLP",0,0
4295-3-LE25,"","69.040.100-2","LE","La presente propuesta tiene por objetivo reglamentar la contratación del servicio de enlace de datos e internet de respaldo o secundario, Ilustre Municipalidad de La Serena. El objetivo es satisfacer la necesidad de continuidad de servicio para el acceso a datos y a internet utilizado por el Municipio.
Esta contratación será financiada con recursos municipales.
",,,,"CLP",0,0
1380-50-LE25,"","61.602.232-6","LE","La adquisición de los medicamentos requeridos por intermediación de la Central de Abastecimiento CENABAST, se activarán toda vez que se presente un incumplimiento, y para el Stock bodega. Estos serán suministrados a los pacientes del recinto de Salud, todo en concordancia al Plan Compras y Contrataciones año 2025 PAC, Bases Administrativas y Técnicas, Requerimientos técnicos, detallados en el Anexo Nº 2 y otros anexos que constituyen el referido llamado a licitación.",,,48000000,"CLP",0,0
1499-60-LQ25,"","61.608.402-k","LQ","Contar con los Insumos de consumo necesarios para el suministro de insumos para realizar determinaciones de ALK, ROS-1 y PDL-1 con equipo en comodato para el laboratorio de Anatomía Patológica para la gestión del Instituto Nacional del Tórax para dar un servicio con la efectividad, seguridad y condiciones de calidad que cada paciente requiere. ",,,,"CLP",0,0
1624-1-LQ25,"","61.602.147-8","LQ","El Servicio de Salud O´Higgins, en adelante “Hospital Nancagua”, con la finalidad de obtener el suministro de insumos, reactivos y equipos de laboratorio, es que mediante este acto e instrumento administrativo se viene en llamar a Licitación Pública, conforme a procedimiento que regula la Ley Nº 19.886.",,,250000000,"CLP",0,0
1080093-1-LE25,"","61.607.900-k","LE","CONVENIO MANTENIMIENTO INTEGRAL MAMOGRAFO 18 MESES
Convenio por 18 meses, para el servicio de mantenimiento integral de equipo mamógrafo marca Siemens, modelo Mammomal Inspiration, serie N°11504, en operación en vehículo Mamógrafo Móvil perteneciente al Servicio de Salud Magallanes   ",,,59007654,"CLP",0,0
4809-9-LE25,"","61.202.000-0","LE","La Dirección de Vialidad Provincia de Cautín, solicita ofertas para la adquisición de Juego de cuchillas con sus respectivos pernos para los tractores desbrozadores para el taller de Maquinarias, de la Provincial Cautín Dirección de Vialidad Región de La Araucanía.  Conforme a los requerimientos administrativos y técnicos descritos en las presentes Bases de Licitación.",,,10000000,"CLP",0,0
741-9-LE25,"","61.307.000-1","LE","CONTRATACIÓN DE LOS SERVICIOS DE ENTIDAD EJECUTORA DEL PROGRAMA DE DESARROLLO TERRITORIAL INDÍGENA – PDTI INDAP-CONADI DE LA UNIDAD OPERATIVA PEWEN MAPU 2 AGENCIA DE ÁREA LONQUIMAY

",,,,"CLP",0,0
1057472-21-LE25,"","61.980.320-5","LE","Aprueba bases licitación pública y sus anexos para la adquisición de “Suministro de kit DAI Subcutáneo” para Hospital El Carmen Dr. Luis Valentín Ferrada.",,,,"CLP",0,0
2885-12-LE25,"","69.210.600-8","LE","ARRIENDO DE BUS PARA TRASLADO ESTUDIANTES DE EDUCACIÓN SUPERIOR DESDE OSORNO A ENTRE LAGOS",,,,"CLP",0,0
4857-47-CO25,"","69.160.700-3","CO","Licitación Pública para Adquirir Servicio de Transporte Escolar para alumnos de Esc.G857 San Ramón de la comuna de Tirúa año 2025.  Postular de acuerdo a bases administrativas más todos sus anexos.",,,,"CLP",0,0
1306643-1-L125,"","69.254.200-2","L1","la Ilustre Municipalidad de Cerro Navia necesita contratar el servicio de "Sala Cuna" para menores de 2 años, como parte del beneficio entregado a sus funcionario/as.",,,3610000,"CLP",0,0
1002772-8-LR25,"","61.608.205-1","LR","Las presentes Bases constituyen el instrumento rector con el fin de suscribir un CONVENIO DE SUMINISTRO DE INSUMOS Y ACCESORIOS PARA VENTILACION MECANICA INVASIVA PARA LA UNIDAD DE PACIENTE CRITICO ADULTO, por un periodo de 24 meses, para el Hospital Dr. Félix Bulnes Cerda. Éstas, establecen los fines, condiciones y requisitos que deberán ser cumplidos por los oferentes, en todas y cada una de las partes que conformen su oferta y además de regular el todo el proceso licitatorio hasta la suscripción del correspondiente contrato y su ejecución.",,,,"CLP",0,0
4996-1-LE25,"","69.252.500-0","LE","La Municipalidad de San Pedro de Atacama invita a participar en el proceso de contratación para el servicio de producción de eventos y otros, en el marco de la realización de la actividad denominada “Día de la mujer 2025”, a realizarse durante el mes de marzo de 2025 (fechas referenciales), en la comuna de San Pedro de Atacama. ",,,,"CLP",0,0
2080-68-LP25,"","61.602.138-9","LP","El objeto de la licitación es contratar los servicios de mantenimiento preventivo y correctivo de los Equipos de Central de Esterilización del Hospital Dr. Franco Ravera Zunino, garantizando el óptimo funcionamiento, seguridad y disponibilidad continua de los equipos. Esto asegurando la correcta desinfección y esterilización del material médico y quirúrgico, cumpliendo con normativas de bioseguridad y evitando riesgos de infecciones nosocomiales.

Además, la contratación busca minimizar fallos, reducir tiempos de inactividad y prolongar la vida útil de los equipos, garantizando la calidad del servicio hospitalario y la seguridad de pacientes y personal de salud.

En este contexto, resulta imprescindible para el Hospital, considerando la falta de personal capacitado y calificado para realizar las diversas mantenciones a los equipos institucionales, adoptar las medidas que permitan otorgar atención a nuestros pacientes, posibilitando la atención continua y oportuna de los mismos, por lo que se estimó necesario encomendar dicha labor a terceros, estimándose que existe un mercado de prestadores que ofrecen los servicios requeridos por el Hospital mediante los mecanismos de contratación de servicios, a través de licitación pública conforme a lo dispuesto en la  Ley N° 19.886.

Los servicios deberán ser prestados en dependencias del Hospital Dr. Franco Ravera Zunino.
",,,,"CLP",0,0
1641-84-LP25,"","61.608.204-3","LP","Proveer de los insumos necesarios, a fin que el hospital pueda llevar adelante  de buena manera los procedimientos específicos que realiza.",,,,"CLP",0,0
1075963-33-LP25,"","61.606.001-5","LP","ADQUISICIÓN DE INSUMOS GENERALES PARA ANATOMÍA PATOLÓGICA",,,,"CLP",0,0
1057545-11-LE25,"","61.607.500-4","LE","El Servicio de Salud Los Ríos necesita realizar la contratación por convenio de suministro del servicio de aseo por el centro comunitario para personas con demencia en la Comuna de Paillaco, según Bases Administrativas",,,,"CLP",0,0
1078537-1-LE25,"","61.702.000-9","LE","requiere la contratación de los Servicios Profesionales de Diseño Gráfico, Motion Graphics, Animación, o de Mapping Multimedia de Peligros Volcánicos sobre maqueta 3D del Volcán Calbuco",,,22105000,"CLP",0,0
656-10-LQ25,"","61.818.001-8","LQ","El SERVIU Región de Los Lagos, llama a Licitación Pública para contratar los servicios de fiscalización técnica de obra, para los proyectos modalidad Construcción en Sitio Propio, mejoramientos y ampliación de viviendas y Construcción y Mejoramiento del Entorno Comunitario del programa Habitabilidad Rural, regulado por el D.S. N°10, V. y U., de 2011 y sus modificaciones por un periodo de tres años",,,,"CLP",0,0
4099-8-LE25,"","69.073.300-5","LE","Impulsión y Sistema de desinfección pozo profundo, villa Hermosa, comuna de María Pinto.",,,,"CLP",0,0
3917-7-LE25,"","69.020.500-9","LE","material educativo para especialidad administración",,,,"CLP",0,0
1058085-30-LE25,"","61.608.406-2","LE","Que, el Hospital del Salvador necesita contar con un CONVENIO SUMINISTRO DE ZIPRASIDONA HIDROCLORURO MONOHIDRATO 40 MG CAPSULA DURA PARA EL HOSPITAL DEL SALVADOR con la finalidad de satisfacer de manera adecuada y eficiente la labor asistencial durante el periodo 2025-2028.

Que, por la cuantía determinada, la presente licitación se ubica en el tramo para contrataciones de aquellas iguales o superiores a 100 UTM e inferiores a 1.000 UTM, en conformidad al Artículo 36º del Reglamento de la Ley Nº19.886;
",,,67000000,"CLP",0,0
1057544-50-LP25,"","61.607.202-1","LP","La presente licitación pública tiene por objetivo contratar servicios médicos con especialidad, bajo la condición de compra de servicios, para cubrir en distintos Boxes del C.R. Emergencia de Hospital Las Higueras.",,,308000000,"CLP",0,0
4857-46-CO25,"","69.160.700-3","CO","Licitación Pública para Adquirir Servicio de Transporte Escolar para alumnos de Liceo C90 Trapaqueante de la comuna de Tirúa año 2025.  Postular de acuerdo a bases administrativas más todos sus anexos.",,,,"CLP",0,0
1057501-65-LQ25,"","61.608.502-6","LQ","DAR CONTINUIDAD A LA ATENCIÓN DE PACIENTES ",,,,"CLP",0,0
788110-24-LE25,"","69.081.000-k","LE","ADQUISICION DE SERVICIO DE MANTENCIÓN PLANTA ELEVADORA DE AGUAS SERVIDAS CESFAM.",,,,"CLP",0,0
1947-12-LP25,"","61.608.004-0","LP","CONTRATACION DEL SERVICIO DE HABILITACION VÍA DE EVACUACIÓN PABELLONES 3° PISO PARA EL HOSPITAL DE NIÑOS DR. ROBERTO DEL RÍO.",,,,"CLP",0,0
1947-10-LE25,"","61.608.004-0","LE","El Hospital de Niños Dr. Roberto del Rio para dar cumplimiento a las funciones, requiere la adquisición de reactivos e insumos para determinación de exámenes de inmunohematología con equipos en comodato",,,45000000,"CLP",0,0
1057544-49-LP25,"","61.607.202-1","LP","La presente licitación pública tiene por objetivo contratar médicos especialistas en Anestesiología bajo la condición de compra de servicios, para administrar anestesia en pacientes intervenidos quirúrgicamente en los pabellones de Hospital Las Higueras, en horario inhábil de funcionamiento del Hospital",,,180000000,"CLP",0,0
1947-22-LP25,"","61.608.004-0","LP","221 - ADQUISICIÓN DE CATÉTERES VENOSOS CENTRALES TRANSITORIOS CON EQUIPO EN COMODATO PARA EL HOSPITAL DE NIÑOS DR. ROBERTO DEL RÍO (CAF)",,,,"CLP",0,0
2395-8-L125,"","69.254.900-7","L1","COMPRAR MEDICAMENTOS A PACIENTES INSCRITOS EN LA FARMACIA POPULAR EN LA COMUNA DE PEDRO AGUIRRE CERDA. DESPACHAR A AV. CLOTARIO BLEST 6035 FARMACIA POPULAR, HORARIOS DE 8 A 13 HRS Y DE 15 A 16.30 HRS INTERIOR CENTRO DE SALUD VILLA SUR",,,,"CLP",0,0
3802-4-LE25,"","69.172.600-2","LE","Se requiere adquirir Plataforma de Gestión Educacional: libro de clases digital, módulo de planificación, módulo de evaluación y servicio de Comunicación”, para el Liceo Bicentenario Valle de Sol con cargo a la Subvención Escolar Preferencial.",,,,"CLP",0,0
1057544-48-LP25,"","61.607.202-1","LP","La presente licitación pública tiene por objetivo contratar servicios médicos y no médicos para la realización de Consultas médicas y procedimiento de Colposcopia a pacientes de Hospital Las Higueras.",,,140026000,"CLP",0,0
2080-72-LP25,"","61.602.138-9","LP","El objetivo del mantenimiento preventivo y correctivo de los compresores de aire medicinal, dental y la bomba de vacío en un hospital es garantizar su funcionamiento continuo, prevenir fallas y optimizar su rendimiento. Esto permite minimizar tiempos de inactividad, cumplir con normativas de salud y seguridad, prolongar la vida útil de los equipos y asegurar un suministro de aire de calidad para la atención médica.

Además, la contratación busca minimizar fallos, reducir tiempos de inactividad y prolongar la vida útil de los equipos, garantizando la calidad del servicio hospitalario y la seguridad de pacientes y personal de salud.

En este contexto, resulta imprescindible para el Hospital, considerando la falta de personal capacitado y calificado para realizar las diversas mantenciones a los equipos institucionales, adoptar las medidas que permitan otorgar atención a nuestros pacientes, posibilitando la atención continua y oportuna de los mismos, por lo que se estimó necesario encomendar dicha labor a terceros, estimándose que existe un mercado de prestadores que ofrecen los servicios requeridos por el Hospital mediante los mecanismos de contratación de servicios, a través de licitación pública conforme a lo dispuesto en la  Ley N° 19.886.

Los servicios deberán ser prestados en dependencias del Hospital Dr. Franco Ravera Zunino.",,,,"CLP",0,0
3917-6-LE25,"","69.020.500-9","LE","se requiere servicios de capacitacion y evaluacion de monitoreo en since lenjuage y matematicas.",,,,"CLP",0,0
3905-6-LE25,"","72.529.500-6","LE","El Departamento de Salud, perteneciente de la Municipalidad de Pinto, tiene la necesidad de realizar la suscripción de un convenio de suministro de artículos de ferretería según las necesidades del Cesfam , Posta Recinto y Posta Ciruelito.",,,20000000,"CLP",0,0
1057472-10-LQ25,"","61.980.320-5","LQ","Aprueba bases licitación pública y sus anexos para la contratación del SERVICIO DE ARRIENDO DE MÁQUINAS DE DIÁLISIS , para el Hospital El Carmen Dr. Luis Valentín Ferrada.",,,,"CLP",0,0
1040538-4-LE25,"","60.704.000-1","LE","PARTICIPACIÓN EN CLASIFICATORIO REPECHAJE CENTRO SUR SAN CARLOS 2025, SEGÚN LO ESTABLECIDO EN LAS BASES DE LICITACIÓN ADJUNTAS AL PRESENTE LLAMADO",,,,"CLP",0,0
3880-26-LE25,"","69.110.900-3","LE","ADQUISICION DE 4 MOTOCICLETAS PARA SEGURIDAD PUBLICA, SEGUN BASES ADJUNTAS.",,,15000000,"CLP",0,0
4127-13-LE25,"","61.975.700-9","LE","Se requiere la contratación de servicios de consultoría especializada para elaboración del reglamento de la Ley N° 21.668, que establece la interoperabilidad de las fichas clínicas, se solicita: Elaboración de una propuesta de reglamento que detalle las normas necesarias y suficientes para la implementación efectiva de la Ley N° 21.668, es decir, almacenamiento, administración, protección y eliminación de fichas clínicas, e interoperabilidad o intercambio de datos y; Definir y establecer los mecanismos y estándares técnicos que garanticen la interoperabilidad de las fichas clínicas.",,,60000000,"CLP",0,0
1057544-46-LE25,"","61.607.202-1","LE","La presente licitación pública tiene por objetivo contratar servicios Profesionales, para reforzar la gestión de la Unidad de Bodega y Logística del Hospital las Higueras.",,,30000000,"CLP",0,0
1057544-45-LE25,"","61.607.202-1","LE","La presente licitación pública tiene por objetivo contratar servicios Profesionales, para reforzar la gestión de la Unidad de Licitaciones y Contratos del Hospital las Higueras.",,,55000000,"CLP",0,0
812799-12-LP25,"","69.020.400-2","LP","Reposición de salón multiuso Sede Carol Urzua, comuna de Mejillones, la cual contará con oficina administrativa, baños inclusivos para hombres y mujeres, sala de reuniones, kitchenette, bodega, además de la incorporación de estacionamiento para discapacitados. Toda vez que en la actua-lidad no cuenta con las condiciones de habitabilidad y seguridad necesarias para el uso de las personas.",,,153584307,"CLP",0,0
615-1-LE25,"","61.802.006-1","LE","CONTAR CON EL SERVICIO DE TRANSPORTE PARA EL PROGRAMA PGC DE LA SEREMI MINVU VI REGION.",,,,"CLP",0,0
1233616-10-LQ25,"","61.980.940-8","LQ","El Servicio Local de Educación Pública Punilla Cordillera, debe suministrar a su comunidad educativa del servicio de arriendo de impresoras, de imprenta, y la adquisición de insumos de impresión, como lo son las tintas y tóner.
Para este propósito, requiere contratar un servicio de arriendo de impresoras, imprenta y suministro de insumos de impresión para los Establecimientos Educacionales del SLEP Punilla Cordillera.
En este contexto la duración del servicio de suministro está contemplada para 24 meses contado desde la firma de los contratos.
",,,200000000,"CLP",0,0
1947-16-LE25,"","61.608.004-0","LE","ADQUISICIÓN DE TROCARES PLEURALES CON PIGTAIL DE 10 FR Y 14 FR PARA EL HOSPITAL DE NIÑOS DR. ROBERTO DEL RIO",,,,"CLP",0,0
1574-5-LE25,"","70.072.600-2","LE","ADQUISICIÓN DE MATERIAL ENSEÑANZA FUNGIBLE REGION COQUIMBO P.01 Y P.02",,,65997254,"CLP",0,0
1058132-7-LP25,"","61.607.202-1","LP","La necesidad de comprar “MEDICAMENTOS” para su entrega a los pacientes atendidos en el Hospital Las Higueras",,,298000000,"CLP",0,0
1058132-6-LP25,"","61.607.202-1","LP","La necesidad de comprar “MEDICAMENTOS” para su entrega a los pacientes atendidos en el Hospital Las Higueras",,,200000000,"CLP",0,0
1947-17-LE25,"","61.608.004-0","LE","ADQUISICIÓN DE ACCESORIOS DE ACCESO VASCULAR PARA EL HOSPITAL DE NIÑOS DR. ROBERTO DEL RÍO",,,,"CLP",0,0